FECHA,Hora_0,Hora_1,Hora_2,Hora_3,Hora_4,Hora_5,Hora_6,Hora_7,Hora_8,Hora_9,Hora_10,Hora_11,Hora_12,Hora_13,Hora_14,Hora_15,Hora_16,Hora_17,Hora_18,Hora_19,Hora_20,Hora_21,Hora_22,Hora_23
2017-01-01,3.0,5.0,3.0,3.0,3.0,3.0,3.0,4.0,2.0,0.0,4.0,2.0,6.0,1.0,4.0,2.0,3.0,5.0,5.0,4.0,2.0,2.0,2.0,2.0
2017-01-02,1.0,1.0,0.0,0.0,1.0,2.0,5.0,1.0,3.0,2.0,3.0,2.0,5.0,4.0,8.0,5.0,3.0,8.0,8.0,9.0,5.0,1.0,0.0,1.0
2017-01-03,3.0,1.0,0.0,0.0,2.0,0.0,3.0,4.0,1.0,5.0,6.0,7.0,5.0,3.0,3.0,13.0,2.0,4.0,5.0,8.0,6.0,4.0,1.0,0.0
2017-01-04,0.0,0.0,0.0,1.0,0.0,1.0,3.0,8.0,4.0,4.0,1.0,4.0,4.0,1.0,5.0,8.0,4.0,8.0,3.0,4.0,5.0,4.0,1.0,0.0
2017-01-05,0.0,0.0,1.0,0.0,1.0,1.0,9.0,18.0,4.0,3.0,2.0,6.0,4.0,7.0,7.0,2.0,6.0,9.0,5.0,4.0,3.0,3.0,4.0,0.0
2017-01-06,1.0,1.0,0.0,0.0,0.0,1.0,5.0,5.0,5.0,2.0,4.0,0.0,4.0,4.0,2.0,5.0,4.0,7.0,7.0,7.0,3.0,4.0,2.0,1.0
2017-01-07,0.0,0.0,0.0,0.0,1.0,1.0,1.0,2.0,4.0,4.0,7.0,6.0,3.0,8.0,6.0,3.0,3.0,9.0,4.0,5.0,3.0,7.0,4.0,2.0
2017-01-08,3.0,1.0,1.0,0.0,2.0,1.0,5.0,4.0,0.0,1.0,1.0,0.0,4.0,0.0,3.0,1.0,6.0,3.0,2.0,5.0,4.0,0.0,4.0,2.0
2017-01-09,1.0,0.0,3.0,0.0,2.0,2.0,2.0,1.0,0.0,2.0,2.0,1.0,2.0,1.0,3.0,1.0,5.0,5.0,2.0,2.0,5.0,2.0,0.0,2.0
2017-01-10,0.0,0.0,2.0,1.0,0.0,2.0,3.0,6.0,4.0,0.0,5.0,2.0,7.0,4.0,7.0,4.0,7.0,11.0,3.0,9.0,6.0,3.0,5.0,1.0
2017-01-11,0.0,1.0,0.0,0.0,0.0,2.0,3.0,2.0,3.0,10.0,7.0,9.0,5.0,4.0,13.0,9.0,7.0,14.0,11.0,4.0,5.0,3.0,3.0,1.0
2017-01-12,0.0,1.0,0.0,0.0,1.0,0.0,2.0,5.0,3.0,4.0,5.0,5.0,2.0,4.0,2.0,5.0,10.0,10.0,8.0,6.0,5.0,3.0,4.0,2.0
2017-01-13,1.0,0.0,0.0,0.0,0.0,2.0,3.0,10.0,5.0,8.0,4.0,5.0,10.0,8.0,9.0,4.0,9.0,11.0,14.0,9.0,4.0,7.0,3.0,4.0
2017-01-14,0.0,1.0,0.0,0.0,1.0,1.0,6.0,5.0,2.0,2.0,7.0,6.0,10.0,8.0,9.0,6.0,9.0,4.0,7.0,8.0,6.0,3.0,2.0,1.0
2017-01-15,5.0,1.0,3.0,2.0,1.0,2.0,4.0,1.0,0.0,5.0,2.0,1.0,4.0,3.0,4.0,7.0,2.0,3.0,4.0,8.0,9.0,4.0,6.0,0.0
2017-01-16,0.0,1.0,0.0,0.0,0.0,11.0,12.0,15.0,6.0,10.0,3.0,11.0,11.0,4.0,8.0,11.0,11.0,16.0,10.0,13.0,3.0,6.0,1.0,0.0
2017-01-17,1.0,0.0,0.0,3.0,0.0,1.0,7.0,8.0,3.0,4.0,6.0,9.0,9.0,5.0,5.0,10.0,7.0,3.0,6.0,7.0,10.0,5.0,4.0,2.0
2017-01-18,1.0,2.0,0.0,0.0,0.0,1.0,3.0,6.0,4.0,5.0,11.0,5.0,3.0,4.0,7.0,11.0,18.0,9.0,3.0,8.0,2.0,2.0,0.0,0.0
2017-01-19,0.0,0.0,0.0,1.0,0.0,5.0,9.0,6.0,4.0,5.0,5.0,5.0,9.0,7.0,5.0,12.0,8.0,15.0,9.0,15.0,8.0,3.0,0.0,0.0
2017-01-20,1.0,0.0,0.0,0.0,2.0,5.0,7.0,7.0,3.0,7.0,10.0,6.0,3.0,4.0,6.0,9.0,15.0,10.0,7.0,6.0,7.0,6.0,5.0,1.0
2017-01-21,2.0,0.0,0.0,0.0,2.0,2.0,3.0,5.0,5.0,4.0,5.0,12.0,7.0,10.0,6.0,7.0,3.0,2.0,4.0,6.0,4.0,9.0,2.0,2.0
2017-01-22,2.0,4.0,1.0,0.0,3.0,1.0,3.0,2.0,2.0,2.0,2.0,4.0,7.0,3.0,6.0,3.0,11.0,2.0,1.0,5.0,5.0,3.0,1.0,3.0
2017-01-23,2.0,1.0,1.0,0.0,1.0,5.0,2.0,4.0,4.0,12.0,6.0,16.0,4.0,10.0,2.0,3.0,9.0,10.0,12.0,7.0,3.0,2.0,3.0,1.0
2017-01-24,0.0,0.0,0.0,0.0,0.0,2.0,11.0,6.0,4.0,5.0,7.0,6.0,9.0,11.0,12.0,13.0,9.0,12.0,8.0,7.0,6.0,4.0,1.0,0.0
2017-01-25,0.0,0.0,0.0,0.0,0.0,2.0,6.0,6.0,7.0,3.0,7.0,5.0,4.0,5.0,10.0,7.0,6.0,7.0,5.0,6.0,3.0,2.0,1.0,0.0
2017-01-26,1.0,0.0,0.0,0.0,0.0,1.0,5.0,9.0,10.0,5.0,9.0,7.0,9.0,6.0,7.0,11.0,5.0,8.0,10.0,6.0,5.0,4.0,1.0,3.0
2017-01-27,1.0,2.0,0.0,0.0,2.0,14.0,12.0,15.0,4.0,10.0,10.0,6.0,9.0,8.0,6.0,11.0,6.0,10.0,5.0,6.0,7.0,4.0,5.0,0.0
2017-01-28,1.0,0.0,1.0,1.0,1.0,2.0,2.0,2.0,6.0,2.0,6.0,2.0,7.0,8.0,6.0,8.0,8.0,7.0,6.0,6.0,7.0,4.0,4.0,3.0
2017-01-29,3.0,1.0,1.0,0.0,2.0,0.0,1.0,4.0,1.0,0.0,5.0,5.0,5.0,8.0,2.0,3.0,1.0,0.0,4.0,6.0,4.0,2.0,1.0,2.0
2017-01-30,0.0,0.0,0.0,1.0,1.0,4.0,4.0,7.0,5.0,5.0,4.0,6.0,14.0,5.0,4.0,7.0,13.0,11.0,7.0,4.0,5.0,1.0,4.0,1.0
2017-01-31,0.0,1.0,0.0,0.0,0.0,4.0,8.0,8.0,8.0,6.0,8.0,7.0,14.0,9.0,3.0,6.0,8.0,16.0,13.0,6.0,5.0,4.0,4.0,2.0
2017-02-01,0.0,0.0,0.0,1.0,1.0,4.0,3.0,7.0,7.0,6.0,2.0,10.0,10.0,9.0,6.0,9.0,8.0,11.0,4.0,4.0,6.0,1.0,2.0,2.0
2017-02-02,1.0,0.0,0.0,0.0,0.0,3.0,11.0,6.0,11.0,5.0,4.0,5.0,5.0,9.0,4.0,9.0,6.0,14.0,12.0,7.0,6.0,4.0,3.0,2.0
2017-02-03,1.0,0.0,0.0,2.0,1.0,4.0,7.0,8.0,3.0,5.0,4.0,5.0,13.0,9.0,5.0,11.0,13.0,12.0,11.0,6.0,7.0,10.0,3.0,0.0
2017-02-04,2.0,2.0,1.0,1.0,2.0,1.0,1.0,5.0,5.0,4.0,8.0,5.0,9.0,11.0,3.0,8.0,7.0,3.0,6.0,9.0,9.0,5.0,4.0,4.0
2017-02-05,2.0,3.0,1.0,2.0,4.0,5.0,1.0,0.0,7.0,5.0,5.0,8.0,5.0,7.0,2.0,6.0,7.0,6.0,6.0,4.0,4.0,3.0,1.0,1.0
2017-02-06,2.0,0.0,0.0,1.0,0.0,3.0,10.0,6.0,5.0,3.0,1.0,10.0,5.0,10.0,11.0,10.0,12.0,5.0,13.0,9.0,2.0,3.0,0.0,1.0
2017-02-07,1.0,0.0,1.0,0.0,0.0,5.0,9.0,9.0,7.0,7.0,9.0,6.0,10.0,9.0,7.0,6.0,19.0,7.0,15.0,9.0,6.0,3.0,1.0,1.0
2017-02-08,1.0,0.0,0.0,0.0,1.0,3.0,11.0,15.0,6.0,7.0,7.0,10.0,8.0,4.0,6.0,7.0,9.0,10.0,12.0,5.0,3.0,3.0,3.0,1.0
2017-02-09,1.0,0.0,0.0,1.0,0.0,0.0,4.0,7.0,10.0,9.0,9.0,8.0,8.0,9.0,7.0,6.0,11.0,5.0,11.0,5.0,5.0,2.0,2.0,0.0
2017-02-10,2.0,0.0,2.0,0.0,1.0,4.0,8.0,10.0,7.0,2.0,8.0,6.0,8.0,8.0,9.0,11.0,14.0,12.0,8.0,13.0,5.0,8.0,4.0,1.0
2017-02-11,1.0,0.0,0.0,1.0,0.0,4.0,2.0,4.0,7.0,3.0,3.0,6.0,14.0,11.0,7.0,5.0,7.0,8.0,2.0,5.0,11.0,5.0,2.0,5.0
2017-02-12,1.0,1.0,0.0,4.0,1.0,2.0,2.0,1.0,1.0,2.0,1.0,2.0,4.0,6.0,7.0,5.0,6.0,5.0,4.0,4.0,5.0,2.0,5.0,2.0
2017-02-13,1.0,0.0,1.0,0.0,1.0,4.0,5.0,5.0,2.0,4.0,6.0,1.0,5.0,7.0,4.0,8.0,8.0,12.0,6.0,8.0,5.0,2.0,3.0,0.0
2017-02-14,1.0,0.0,0.0,0.0,1.0,6.0,7.0,6.0,7.0,7.0,5.0,7.0,12.0,5.0,5.0,12.0,7.0,7.0,15.0,11.0,5.0,3.0,4.0,2.0
2017-02-15,0.0,0.0,0.0,0.0,0.0,2.0,5.0,10.0,10.0,6.0,3.0,12.0,8.0,7.0,10.0,6.0,7.0,10.0,10.0,6.0,4.0,0.0,2.0,0.0
2017-02-16,1.0,1.0,0.0,0.0,0.0,1.0,13.0,7.0,10.0,4.0,8.0,7.0,5.0,6.0,7.0,6.0,12.0,12.0,7.0,5.0,5.0,5.0,5.0,1.0
2017-02-17,1.0,1.0,0.0,0.0,0.0,0.0,5.0,14.0,6.0,5.0,3.0,8.0,10.0,9.0,4.0,10.0,17.0,9.0,9.0,6.0,3.0,5.0,4.0,2.0
2017-02-18,2.0,0.0,2.0,0.0,2.0,3.0,1.0,8.0,9.0,9.0,10.0,10.0,13.0,13.0,8.0,8.0,7.0,5.0,6.0,5.0,5.0,6.0,6.0,0.0
2017-02-19,1.0,0.0,3.0,1.0,2.0,2.0,1.0,0.0,1.0,4.0,3.0,4.0,3.0,8.0,1.0,5.0,9.0,2.0,5.0,2.0,7.0,4.0,2.0,0.0
2017-02-20,0.0,0.0,1.0,1.0,1.0,3.0,10.0,9.0,5.0,4.0,9.0,5.0,9.0,7.0,15.0,15.0,5.0,15.0,13.0,9.0,5.0,5.0,5.0,0.0
2017-02-21,1.0,0.0,1.0,0.0,0.0,6.0,7.0,8.0,15.0,5.0,7.0,12.0,7.0,9.0,6.0,14.0,12.0,17.0,12.0,7.0,4.0,5.0,3.0,0.0
2017-02-22,1.0,0.0,1.0,0.0,0.0,3.0,13.0,13.0,11.0,10.0,10.0,8.0,10.0,11.0,9.0,4.0,10.0,15.0,12.0,4.0,3.0,3.0,2.0,2.0
2017-02-23,0.0,0.0,2.0,0.0,1.0,6.0,3.0,13.0,6.0,5.0,7.0,5.0,9.0,6.0,9.0,8.0,11.0,11.0,10.0,8.0,3.0,6.0,3.0,1.0
2017-02-24,1.0,0.0,0.0,0.0,0.0,6.0,13.0,12.0,7.0,5.0,3.0,8.0,6.0,6.0,7.0,9.0,12.0,14.0,9.0,9.0,7.0,5.0,2.0,3.0
2017-02-25,3.0,1.0,1.0,3.0,0.0,0.0,5.0,5.0,3.0,8.0,5.0,10.0,9.0,10.0,9.0,11.0,7.0,7.0,9.0,4.0,11.0,6.0,2.0,5.0
2017-02-26,3.0,1.0,2.0,1.0,1.0,2.0,4.0,3.0,2.0,2.0,1.0,3.0,1.0,8.0,4.0,5.0,4.0,7.0,6.0,3.0,5.0,4.0,3.0,2.0
2017-02-27,4.0,1.0,0.0,0.0,0.0,2.0,8.0,6.0,11.0,5.0,5.0,3.0,7.0,8.0,5.0,8.0,5.0,17.0,15.0,6.0,6.0,3.0,2.0,0.0
2017-02-28,0.0,0.0,0.0,0.0,1.0,3.0,5.0,4.0,7.0,6.0,5.0,4.0,4.0,12.0,13.0,7.0,14.0,18.0,11.0,7.0,5.0,7.0,3.0,0.0
2017-03-01,0.0,0.0,0.0,0.0,1.0,1.0,7.0,8.0,5.0,8.0,8.0,3.0,9.0,10.0,5.0,10.0,14.0,6.0,8.0,7.0,7.0,5.0,5.0,2.0
2017-03-02,1.0,0.0,0.0,1.0,2.0,3.0,9.0,5.0,4.0,6.0,7.0,5.0,3.0,5.0,7.0,8.0,7.0,14.0,6.0,2.0,4.0,6.0,0.0,3.0
2017-03-03,0.0,0.0,0.0,0.0,2.0,3.0,8.0,5.0,6.0,4.0,5.0,5.0,7.0,8.0,4.0,2.0,8.0,11.0,5.0,7.0,3.0,4.0,4.0,1.0
2017-03-04,4.0,0.0,1.0,0.0,1.0,2.0,2.0,8.0,6.0,8.0,7.0,7.0,10.0,14.0,5.0,9.0,3.0,8.0,6.0,8.0,8.0,9.0,3.0,2.0
2017-03-05,2.0,3.0,2.0,0.0,4.0,2.0,2.0,4.0,1.0,2.0,2.0,3.0,5.0,3.0,8.0,2.0,3.0,4.0,3.0,4.0,5.0,2.0,4.0,1.0
2017-03-06,1.0,1.0,1.0,0.0,0.0,4.0,10.0,5.0,11.0,3.0,5.0,2.0,6.0,8.0,2.0,8.0,7.0,11.0,4.0,6.0,3.0,4.0,1.0,1.0
2017-03-07,0.0,0.0,0.0,0.0,0.0,3.0,11.0,13.0,5.0,7.0,11.0,9.0,7.0,3.0,9.0,15.0,9.0,7.0,8.0,10.0,5.0,5.0,3.0,0.0
2017-03-08,1.0,0.0,1.0,0.0,0.0,9.0,22.0,16.0,14.0,10.0,9.0,9.0,11.0,9.0,7.0,5.0,9.0,7.0,9.0,6.0,6.0,6.0,2.0,0.0
2017-03-09,3.0,0.0,1.0,0.0,0.0,6.0,9.0,12.0,4.0,7.0,3.0,7.0,6.0,8.0,5.0,3.0,4.0,16.0,16.0,8.0,10.0,4.0,2.0,2.0
2017-03-10,0.0,0.0,0.0,0.0,0.0,3.0,8.0,9.0,6.0,6.0,6.0,9.0,9.0,12.0,6.0,7.0,4.0,10.0,6.0,5.0,8.0,3.0,5.0,3.0
2017-03-11,2.0,2.0,0.0,0.0,1.0,1.0,3.0,3.0,4.0,1.0,2.0,6.0,6.0,12.0,8.0,11.0,6.0,13.0,8.0,7.0,9.0,6.0,4.0,3.0
2017-03-12,1.0,1.0,3.0,0.0,1.0,3.0,0.0,3.0,1.0,2.0,1.0,4.0,2.0,7.0,2.0,6.0,4.0,4.0,5.0,2.0,6.0,6.0,2.0,2.0
2017-03-13,0.0,0.0,1.0,1.0,0.0,3.0,9.0,7.0,7.0,8.0,9.0,2.0,5.0,9.0,2.0,6.0,8.0,10.0,5.0,4.0,5.0,2.0,2.0,0.0
2017-03-14,0.0,0.0,0.0,0.0,0.0,3.0,11.0,10.0,9.0,6.0,3.0,8.0,5.0,2.0,14.0,5.0,13.0,10.0,10.0,8.0,9.0,4.0,4.0,1.0
2017-03-15,1.0,0.0,0.0,0.0,0.0,3.0,12.0,10.0,5.0,6.0,8.0,5.0,9.0,6.0,4.0,7.0,8.0,4.0,11.0,8.0,6.0,4.0,4.0,2.0
2017-03-16,1.0,0.0,0.0,1.0,2.0,4.0,6.0,6.0,7.0,7.0,7.0,11.0,2.0,10.0,6.0,12.0,4.0,12.0,8.0,4.0,6.0,3.0,7.0,1.0
2017-03-17,1.0,1.0,0.0,0.0,0.0,4.0,9.0,12.0,10.0,1.0,3.0,9.0,7.0,2.0,5.0,10.0,11.0,10.0,4.0,10.0,6.0,2.0,1.0,3.0
2017-03-18,1.0,0.0,0.0,0.0,3.0,2.0,2.0,3.0,2.0,6.0,7.0,11.0,9.0,9.0,6.0,4.0,8.0,5.0,5.0,5.0,4.0,4.0,3.0,1.0
2017-03-19,3.0,0.0,3.0,4.0,0.0,2.0,3.0,2.0,3.0,2.0,3.0,7.0,5.0,5.0,6.0,4.0,5.0,0.0,1.0,7.0,1.0,4.0,3.0,0.0
2017-03-20,1.0,4.0,2.0,3.0,2.0,2.0,2.0,1.0,2.0,1.0,3.0,6.0,7.0,3.0,1.0,2.0,2.0,1.0,4.0,5.0,3.0,6.0,2.0,2.0
2017-03-21,1.0,1.0,0.0,0.0,0.0,3.0,10.0,13.0,7.0,9.0,8.0,9.0,5.0,7.0,14.0,4.0,11.0,12.0,12.0,6.0,4.0,7.0,1.0,1.0
2017-03-22,0.0,0.0,0.0,0.0,1.0,3.0,13.0,7.0,5.0,7.0,7.0,4.0,9.0,6.0,5.0,7.0,4.0,5.0,7.0,0.0,6.0,10.0,6.0,2.0
2017-03-23,1.0,2.0,0.0,1.0,1.0,1.0,7.0,6.0,4.0,2.0,4.0,6.0,4.0,10.0,6.0,4.0,5.0,3.0,1.0,5.0,2.0,4.0,2.0,1.0
2017-03-24,2.0,2.0,0.0,0.0,0.0,3.0,13.0,20.0,2.0,7.0,4.0,0.0,6.0,7.0,3.0,8.0,3.0,7.0,4.0,11.0,6.0,6.0,6.0,2.0
2017-03-25,3.0,1.0,2.0,2.0,1.0,0.0,2.0,4.0,3.0,3.0,7.0,4.0,9.0,5.0,11.0,3.0,5.0,6.0,3.0,7.0,7.0,3.0,2.0,4.0
2017-03-26,6.0,3.0,0.0,1.0,2.0,2.0,1.0,4.0,1.0,1.0,1.0,9.0,4.0,4.0,7.0,5.0,3.0,7.0,8.0,5.0,6.0,2.0,3.0,4.0
2017-03-27,1.0,1.0,0.0,1.0,0.0,3.0,14.0,5.0,4.0,1.0,7.0,4.0,5.0,5.0,7.0,6.0,8.0,6.0,5.0,9.0,6.0,7.0,3.0,0.0
2017-03-28,0.0,0.0,0.0,0.0,0.0,1.0,12.0,13.0,10.0,7.0,5.0,10.0,4.0,8.0,9.0,11.0,7.0,4.0,6.0,7.0,3.0,2.0,3.0,1.0
2017-03-29,0.0,0.0,0.0,0.0,0.0,3.0,6.0,6.0,3.0,7.0,9.0,9.0,11.0,9.0,7.0,4.0,6.0,15.0,10.0,11.0,6.0,4.0,1.0,0.0
2017-03-30,1.0,1.0,0.0,0.0,0.0,5.0,9.0,14.0,17.0,2.0,5.0,11.0,9.0,5.0,9.0,10.0,11.0,14.0,9.0,6.0,6.0,7.0,3.0,2.0
2017-03-31,2.0,0.0,0.0,0.0,0.0,2.0,9.0,16.0,8.0,8.0,10.0,6.0,5.0,7.0,10.0,5.0,10.0,16.0,7.0,11.0,6.0,4.0,3.0,1.0
2017-04-01,3.0,0.0,2.0,1.0,2.0,3.0,2.0,2.0,8.0,5.0,10.0,7.0,8.0,8.0,10.0,10.0,11.0,17.0,10.0,10.0,6.0,6.0,2.0,5.0
2017-04-02,2.0,1.0,1.0,2.0,1.0,2.0,1.0,2.0,3.0,3.0,3.0,4.0,4.0,5.0,4.0,2.0,1.0,4.0,2.0,4.0,4.0,5.0,3.0,3.0
2017-04-03,1.0,0.0,2.0,1.0,1.0,6.0,8.0,14.0,10.0,4.0,7.0,5.0,10.0,11.0,6.0,9.0,12.0,16.0,10.0,9.0,6.0,4.0,2.0,0.0
2017-04-04,0.0,0.0,0.0,0.0,0.0,4.0,8.0,12.0,8.0,5.0,6.0,7.0,9.0,7.0,4.0,12.0,9.0,11.0,8.0,5.0,5.0,3.0,1.0,1.0
2017-04-05,1.0,0.0,0.0,0.0,0.0,4.0,6.0,2.0,4.0,6.0,7.0,4.0,11.0,12.0,8.0,4.0,9.0,10.0,7.0,10.0,6.0,1.0,2.0,2.0
2017-04-06,3.0,0.0,0.0,1.0,0.0,3.0,12.0,13.0,7.0,7.0,4.0,8.0,8.0,7.0,10.0,9.0,9.0,13.0,6.0,10.0,5.0,2.0,0.0,0.0
2017-04-07,1.0,1.0,0.0,1.0,2.0,0.0,12.0,6.0,3.0,7.0,9.0,7.0,6.0,8.0,10.0,13.0,15.0,11.0,12.0,7.0,7.0,12.0,3.0,3.0
2017-04-08,2.0,3.0,0.0,2.0,2.0,0.0,3.0,4.0,5.0,3.0,4.0,9.0,8.0,12.0,12.0,8.0,8.0,3.0,4.0,11.0,2.0,3.0,0.0,2.0
2017-04-09,4.0,2.0,2.0,0.0,2.0,2.0,2.0,2.0,1.0,1.0,8.0,5.0,4.0,6.0,2.0,1.0,7.0,4.0,1.0,5.0,0.0,2.0,2.0,0.0
2017-04-10,0.0,0.0,0.0,3.0,0.0,3.0,4.0,6.0,1.0,7.0,6.0,7.0,11.0,8.0,7.0,8.0,10.0,11.0,16.0,10.0,3.0,4.0,1.0,3.0
2017-04-11,0.0,0.0,0.0,0.0,2.0,3.0,6.0,5.0,6.0,5.0,7.0,9.0,6.0,7.0,5.0,5.0,9.0,6.0,6.0,5.0,3.0,4.0,2.0,2.0
2017-04-12,0.0,1.0,0.0,0.0,3.0,4.0,8.0,11.0,7.0,5.0,4.0,8.0,11.0,9.0,12.0,12.0,14.0,11.0,6.0,9.0,5.0,4.0,5.0,3.0
2017-04-13,1.0,0.0,0.0,1.0,1.0,1.0,0.0,0.0,2.0,4.0,2.0,4.0,6.0,3.0,4.0,1.0,7.0,2.0,2.0,1.0,0.0,5.0,4.0,2.0
2017-04-14,3.0,2.0,0.0,2.0,1.0,0.0,0.0,1.0,1.0,3.0,6.0,0.0,2.0,1.0,4.0,2.0,2.0,1.0,2.0,2.0,2.0,4.0,2.0,2.0
2017-04-15,4.0,0.0,0.0,0.0,0.0,1.0,0.0,3.0,2.0,4.0,2.0,3.0,6.0,5.0,7.0,8.0,4.0,1.0,4.0,2.0,4.0,2.0,5.0,5.0
2017-04-16,2.0,0.0,1.0,0.0,2.0,3.0,2.0,0.0,6.0,2.0,3.0,1.0,4.0,2.0,3.0,3.0,5.0,0.0,4.0,4.0,1.0,1.0,3.0,3.0
2017-04-17,1.0,3.0,1.0,0.0,0.0,2.0,7.0,4.0,3.0,5.0,5.0,5.0,9.0,12.0,4.0,11.0,7.0,10.0,7.0,2.0,4.0,2.0,3.0,0.0
2017-04-18,1.0,0.0,0.0,0.0,1.0,4.0,6.0,5.0,6.0,9.0,7.0,7.0,15.0,14.0,6.0,8.0,12.0,10.0,9.0,3.0,6.0,5.0,1.0,1.0
2017-04-19,2.0,0.0,2.0,0.0,2.0,11.0,12.0,8.0,6.0,4.0,4.0,6.0,2.0,7.0,4.0,0.0,11.0,6.0,8.0,4.0,4.0,2.0,1.0,1.0
2017-04-20,1.0,0.0,0.0,0.0,0.0,3.0,4.0,4.0,3.0,8.0,8.0,4.0,17.0,7.0,8.0,5.0,6.0,11.0,9.0,11.0,9.0,4.0,6.0,1.0
2017-04-21,0.0,0.0,0.0,1.0,1.0,3.0,12.0,12.0,3.0,1.0,4.0,2.0,5.0,3.0,4.0,3.0,7.0,3.0,7.0,8.0,8.0,2.0,2.0,2.0
2017-04-22,4.0,2.0,0.0,2.0,0.0,1.0,6.0,3.0,4.0,7.0,5.0,9.0,7.0,13.0,10.0,9.0,8.0,6.0,4.0,7.0,4.0,2.0,4.0,2.0
2017-04-23,3.0,2.0,0.0,2.0,1.0,2.0,2.0,3.0,2.0,4.0,0.0,7.0,6.0,6.0,6.0,1.0,7.0,2.0,5.0,4.0,6.0,3.0,3.0,2.0
2017-04-24,3.0,0.0,0.0,0.0,0.0,5.0,5.0,10.0,8.0,4.0,4.0,4.0,9.0,7.0,7.0,9.0,12.0,10.0,12.0,8.0,5.0,3.0,4.0,0.0
2017-04-25,1.0,0.0,0.0,1.0,1.0,3.0,10.0,8.0,9.0,8.0,6.0,14.0,11.0,6.0,7.0,6.0,6.0,7.0,15.0,12.0,5.0,3.0,3.0,2.0
2017-04-26,2.0,0.0,1.0,0.0,1.0,5.0,18.0,18.0,15.0,9.0,4.0,7.0,12.0,9.0,9.0,8.0,8.0,14.0,9.0,4.0,4.0,2.0,2.0,2.0
2017-04-27,0.0,0.0,0.0,0.0,0.0,2.0,10.0,7.0,5.0,7.0,3.0,7.0,6.0,4.0,10.0,7.0,13.0,8.0,8.0,8.0,5.0,6.0,1.0,1.0
2017-04-28,1.0,2.0,0.0,0.0,0.0,3.0,11.0,12.0,10.0,6.0,7.0,7.0,7.0,12.0,8.0,13.0,15.0,8.0,9.0,7.0,5.0,4.0,4.0,1.0
2017-04-29,4.0,1.0,0.0,0.0,2.0,1.0,1.0,5.0,8.0,4.0,7.0,11.0,6.0,9.0,10.0,5.0,8.0,6.0,5.0,7.0,4.0,8.0,5.0,6.0
2017-04-30,1.0,2.0,1.0,3.0,2.0,3.0,2.0,2.0,3.0,0.0,2.0,5.0,5.0,3.0,3.0,3.0,3.0,3.0,2.0,2.0,4.0,3.0,3.0,2.0
2017-05-01,1.0,2.0,2.0,1.0,3.0,3.0,6.0,0.0,4.0,2.0,3.0,5.0,6.0,8.0,3.0,3.0,4.0,7.0,3.0,4.0,3.0,5.0,5.0,2.0
2017-05-02,3.0,0.0,0.0,0.0,3.0,14.0,12.0,19.0,10.0,5.0,8.0,12.0,11.0,6.0,6.0,9.0,8.0,10.0,15.0,5.0,3.0,7.0,3.0,0.0
2017-05-03,0.0,1.0,0.0,0.0,0.0,4.0,10.0,7.0,7.0,9.0,5.0,6.0,11.0,10.0,9.0,7.0,7.0,9.0,7.0,4.0,6.0,4.0,1.0,1.0
2017-05-04,1.0,0.0,0.0,0.0,0.0,2.0,9.0,9.0,8.0,6.0,4.0,2.0,7.0,8.0,16.0,12.0,6.0,9.0,5.0,6.0,5.0,3.0,4.0,1.0
2017-05-05,3.0,0.0,1.0,0.0,0.0,4.0,8.0,16.0,8.0,8.0,13.0,3.0,4.0,6.0,12.0,12.0,8.0,9.0,11.0,8.0,1.0,1.0,2.0,2.0
2017-05-06,1.0,0.0,0.0,2.0,2.0,2.0,7.0,4.0,6.0,6.0,7.0,4.0,7.0,16.0,13.0,7.0,9.0,3.0,7.0,4.0,11.0,4.0,1.0,8.0
2017-05-07,1.0,1.0,1.0,1.0,0.0,1.0,4.0,2.0,3.0,2.0,1.0,2.0,4.0,4.0,5.0,3.0,4.0,4.0,2.0,3.0,3.0,2.0,3.0,3.0
2017-05-08,2.0,0.0,1.0,1.0,1.0,5.0,17.0,11.0,8.0,4.0,6.0,9.0,14.0,4.0,4.0,6.0,5.0,10.0,15.0,5.0,2.0,1.0,4.0,1.0
2017-05-09,2.0,0.0,0.0,0.0,0.0,1.0,8.0,8.0,2.0,5.0,5.0,13.0,5.0,8.0,4.0,13.0,8.0,11.0,9.0,8.0,4.0,6.0,1.0,4.0
2017-05-10,0.0,0.0,0.0,1.0,0.0,2.0,7.0,8.0,5.0,4.0,3.0,11.0,7.0,10.0,10.0,6.0,7.0,6.0,13.0,11.0,3.0,3.0,1.0,1.0
2017-05-11,1.0,0.0,0.0,1.0,0.0,3.0,5.0,6.0,4.0,11.0,3.0,3.0,4.0,7.0,11.0,8.0,7.0,12.0,11.0,9.0,5.0,6.0,1.0,1.0
2017-05-12,1.0,2.0,0.0,1.0,2.0,4.0,10.0,8.0,7.0,3.0,7.0,8.0,6.0,11.0,11.0,7.0,10.0,12.0,8.0,6.0,5.0,4.0,6.0,5.0
2017-05-13,1.0,2.0,1.0,0.0,1.0,2.0,5.0,2.0,1.0,7.0,8.0,10.0,2.0,9.0,6.0,8.0,9.0,7.0,8.0,6.0,8.0,6.0,4.0,5.0
2017-05-14,4.0,2.0,6.0,0.0,0.0,3.0,2.0,1.0,0.0,2.0,3.0,8.0,2.0,10.0,6.0,4.0,6.0,3.0,13.0,7.0,6.0,3.0,3.0,5.0
2017-05-15,1.0,0.0,1.0,0.0,1.0,8.0,14.0,21.0,6.0,7.0,7.0,7.0,10.0,9.0,5.0,8.0,6.0,7.0,10.0,10.0,2.0,6.0,3.0,0.0
2017-05-16,0.0,0.0,3.0,0.0,1.0,1.0,6.0,7.0,2.0,12.0,9.0,8.0,5.0,8.0,9.0,10.0,7.0,15.0,0.0,10.0,2.0,4.0,0.0,0.0
2017-05-17,0.0,1.0,0.0,0.0,0.0,1.0,9.0,13.0,8.0,2.0,7.0,10.0,9.0,7.0,9.0,6.0,8.0,7.0,7.0,7.0,6.0,1.0,3.0,1.0
2017-05-18,2.0,0.0,0.0,0.0,1.0,0.0,9.0,3.0,3.0,6.0,9.0,4.0,11.0,4.0,9.0,13.0,12.0,11.0,9.0,3.0,5.0,7.0,5.0,0.0
2017-05-19,1.0,1.0,0.0,1.0,1.0,0.0,5.0,5.0,12.0,6.0,9.0,9.0,3.0,14.0,10.0,13.0,12.0,12.0,13.0,6.0,7.0,2.0,4.0,2.0
2017-05-20,1.0,2.0,1.0,0.0,1.0,0.0,2.0,5.0,5.0,5.0,3.0,10.0,8.0,8.0,9.0,4.0,3.0,5.0,2.0,4.0,4.0,3.0,3.0,6.0
2017-05-21,5.0,2.0,3.0,1.0,3.0,2.0,0.0,1.0,1.0,1.0,8.0,4.0,3.0,4.0,3.0,4.0,1.0,6.0,4.0,5.0,4.0,3.0,4.0,1.0
2017-05-22,3.0,0.0,1.0,0.0,2.0,8.0,7.0,11.0,8.0,6.0,4.0,7.0,6.0,7.0,10.0,8.0,2.0,13.0,8.0,7.0,4.0,3.0,4.0,1.0
2017-05-23,0.0,0.0,0.0,1.0,1.0,5.0,13.0,7.0,9.0,7.0,8.0,4.0,6.0,9.0,8.0,12.0,13.0,13.0,4.0,7.0,5.0,3.0,2.0,2.0
2017-05-24,1.0,1.0,0.0,0.0,0.0,4.0,6.0,10.0,7.0,5.0,5.0,6.0,5.0,8.0,5.0,7.0,6.0,9.0,13.0,5.0,8.0,2.0,2.0,2.0
2017-05-25,0.0,1.0,0.0,0.0,0.0,3.0,10.0,2.0,6.0,3.0,6.0,5.0,9.0,14.0,9.0,5.0,15.0,7.0,5.0,4.0,1.0,8.0,3.0,1.0
2017-05-26,2.0,1.0,0.0,1.0,1.0,4.0,7.0,8.0,9.0,4.0,8.0,8.0,6.0,10.0,6.0,12.0,14.0,16.0,6.0,8.0,7.0,5.0,5.0,3.0
2017-05-27,1.0,0.0,1.0,1.0,2.0,0.0,1.0,4.0,5.0,4.0,7.0,6.0,6.0,8.0,6.0,7.0,6.0,13.0,7.0,8.0,2.0,4.0,5.0,2.0
2017-05-28,7.0,1.0,3.0,1.0,1.0,3.0,1.0,3.0,4.0,3.0,3.0,3.0,10.0,2.0,5.0,7.0,3.0,4.0,8.0,1.0,1.0,1.0,4.0,0.0
2017-05-29,2.0,5.0,0.0,2.0,2.0,0.0,1.0,1.0,1.0,1.0,2.0,7.0,6.0,10.0,4.0,2.0,6.0,7.0,9.0,7.0,7.0,2.0,1.0,3.0
2017-05-30,0.0,1.0,1.0,1.0,1.0,5.0,5.0,11.0,10.0,7.0,10.0,4.0,4.0,8.0,8.0,9.0,6.0,17.0,11.0,8.0,4.0,5.0,1.0,1.0
2017-05-31,0.0,0.0,0.0,0.0,0.0,3.0,19.0,20.0,12.0,8.0,6.0,11.0,4.0,4.0,3.0,8.0,2.0,11.0,4.0,7.0,9.0,4.0,5.0,4.0
2017-06-01,2.0,1.0,0.0,1.0,3.0,0.0,7.0,3.0,4.0,3.0,6.0,4.0,7.0,7.0,10.0,7.0,6.0,10.0,8.0,12.0,3.0,12.0,10.0,4.0
2017-06-02,1.0,0.0,1.0,1.0,0.0,4.0,5.0,7.0,8.0,3.0,8.0,7.0,8.0,11.0,9.0,13.0,10.0,9.0,5.0,7.0,4.0,3.0,3.0,5.0
2017-06-03,3.0,2.0,1.0,1.0,2.0,3.0,3.0,1.0,9.0,6.0,4.0,10.0,14.0,10.0,8.0,9.0,11.0,7.0,5.0,8.0,3.0,6.0,3.0,2.0
2017-06-04,2.0,3.0,2.0,0.0,3.0,1.0,1.0,1.0,1.0,3.0,4.0,7.0,3.0,3.0,8.0,3.0,4.0,3.0,5.0,3.0,4.0,2.0,1.0,5.0
2017-06-05,2.0,0.0,0.0,0.0,0.0,2.0,6.0,10.0,2.0,4.0,5.0,6.0,5.0,12.0,6.0,4.0,5.0,14.0,7.0,7.0,4.0,3.0,4.0,3.0
2017-06-06,0.0,1.0,1.0,1.0,1.0,2.0,13.0,9.0,12.0,6.0,5.0,10.0,5.0,8.0,10.0,8.0,4.0,7.0,7.0,6.0,7.0,2.0,1.0,1.0
2017-06-07,1.0,0.0,0.0,0.0,1.0,9.0,15.0,12.0,14.0,8.0,14.0,7.0,5.0,8.0,9.0,7.0,5.0,11.0,12.0,5.0,3.0,8.0,3.0,2.0
2017-06-08,1.0,1.0,0.0,0.0,0.0,2.0,6.0,6.0,4.0,4.0,4.0,9.0,3.0,5.0,5.0,7.0,10.0,11.0,13.0,11.0,7.0,6.0,0.0,0.0
2017-06-09,2.0,0.0,0.0,0.0,1.0,2.0,8.0,6.0,6.0,7.0,12.0,4.0,10.0,7.0,6.0,7.0,17.0,9.0,4.0,6.0,12.0,6.0,4.0,3.0
2017-06-10,3.0,1.0,2.0,0.0,2.0,1.0,3.0,9.0,8.0,1.0,13.0,7.0,6.0,7.0,10.0,11.0,10.0,5.0,8.0,9.0,7.0,4.0,8.0,3.0
2017-06-11,3.0,1.0,2.0,1.0,1.0,2.0,3.0,3.0,2.0,2.0,1.0,0.0,3.0,5.0,3.0,5.0,4.0,4.0,10.0,11.0,5.0,4.0,5.0,2.0
2017-06-12,0.0,2.0,2.0,0.0,0.0,3.0,6.0,13.0,8.0,7.0,5.0,8.0,6.0,5.0,6.0,12.0,9.0,7.0,5.0,7.0,3.0,3.0,2.0,0.0
2017-06-13,0.0,0.0,0.0,0.0,0.0,4.0,6.0,8.0,5.0,1.0,2.0,9.0,7.0,18.0,5.0,9.0,12.0,10.0,8.0,7.0,5.0,3.0,4.0,0.0
2017-06-14,3.0,0.0,0.0,1.0,0.0,2.0,11.0,15.0,11.0,5.0,8.0,8.0,8.0,10.0,15.0,4.0,10.0,14.0,5.0,8.0,9.0,3.0,2.0,0.0
2017-06-15,0.0,1.0,1.0,0.0,1.0,4.0,8.0,16.0,9.0,5.0,5.0,4.0,4.0,6.0,13.0,9.0,6.0,10.0,6.0,7.0,4.0,6.0,3.0,0.0
2017-06-16,0.0,0.0,0.0,0.0,1.0,3.0,5.0,14.0,7.0,6.0,4.0,5.0,4.0,10.0,7.0,8.0,13.0,12.0,5.0,7.0,6.0,3.0,3.0,1.0
2017-06-17,3.0,0.0,3.0,0.0,0.0,3.0,9.0,4.0,2.0,6.0,5.0,10.0,8.0,18.0,9.0,7.0,2.0,6.0,8.0,3.0,3.0,3.0,4.0,3.0
2017-06-18,1.0,1.0,3.0,0.0,4.0,4.0,0.0,0.0,2.0,1.0,5.0,7.0,6.0,4.0,6.0,5.0,9.0,4.0,2.0,7.0,2.0,5.0,12.0,6.0
2017-06-19,0.0,5.0,2.0,0.0,3.0,1.0,2.0,1.0,1.0,4.0,3.0,3.0,4.0,2.0,4.0,8.0,4.0,5.0,7.0,2.0,6.0,6.0,1.0,0.0
2017-06-20,2.0,1.0,1.0,1.0,0.0,2.0,5.0,1.0,7.0,10.0,16.0,4.0,8.0,4.0,11.0,7.0,5.0,3.0,6.0,5.0,6.0,3.0,1.0,1.0
2017-06-21,0.0,0.0,0.0,0.0,0.0,4.0,12.0,9.0,5.0,6.0,5.0,4.0,2.0,6.0,6.0,5.0,9.0,10.0,8.0,11.0,3.0,4.0,3.0,1.0
2017-06-22,0.0,0.0,1.0,0.0,1.0,2.0,2.0,5.0,6.0,5.0,7.0,7.0,7.0,7.0,4.0,4.0,7.0,12.0,11.0,13.0,14.0,3.0,4.0,2.0
2017-06-23,0.0,0.0,0.0,0.0,0.0,3.0,5.0,5.0,6.0,9.0,4.0,5.0,4.0,12.0,7.0,5.0,8.0,8.0,10.0,9.0,8.0,4.0,3.0,1.0
2017-06-24,1.0,1.0,0.0,0.0,0.0,3.0,3.0,7.0,8.0,7.0,4.0,7.0,5.0,3.0,7.0,6.0,6.0,4.0,7.0,6.0,1.0,2.0,6.0,2.0
2017-06-25,2.0,2.0,0.0,0.0,2.0,2.0,2.0,2.0,0.0,3.0,2.0,1.0,5.0,3.0,6.0,4.0,3.0,2.0,2.0,3.0,4.0,11.0,2.0,1.0
2017-06-26,3.0,2.0,0.0,0.0,1.0,1.0,1.0,1.0,4.0,3.0,2.0,7.0,6.0,2.0,2.0,0.0,2.0,7.0,6.0,5.0,9.0,1.0,6.0,2.0
2017-06-27,0.0,2.0,1.0,0.0,0.0,4.0,5.0,10.0,11.0,7.0,4.0,4.0,5.0,5.0,8.0,7.0,7.0,12.0,4.0,7.0,6.0,2.0,1.0,0.0
2017-06-28,0.0,0.0,1.0,0.0,0.0,1.0,11.0,6.0,5.0,12.0,3.0,8.0,5.0,11.0,6.0,10.0,14.0,10.0,7.0,6.0,6.0,5.0,0.0,1.0
2017-06-29,0.0,1.0,0.0,0.0,0.0,1.0,3.0,5.0,8.0,3.0,3.0,6.0,3.0,5.0,10.0,10.0,9.0,10.0,9.0,12.0,4.0,4.0,4.0,1.0
2017-06-30,0.0,1.0,0.0,1.0,3.0,2.0,8.0,13.0,9.0,7.0,6.0,7.0,8.0,9.0,6.0,6.0,9.0,7.0,6.0,4.0,5.0,7.0,6.0,0.0
2017-07-01,0.0,1.0,3.0,1.0,1.0,1.0,2.0,6.0,2.0,3.0,8.0,11.0,8.0,9.0,10.0,13.0,5.0,7.0,4.0,9.0,6.0,5.0,0.0,4.0
2017-07-02,2.0,0.0,2.0,1.0,2.0,3.0,6.0,2.0,1.0,0.0,1.0,8.0,1.0,2.0,2.0,5.0,7.0,3.0,2.0,3.0,3.0,0.0,4.0,3.0
2017-07-03,2.0,0.0,1.0,3.0,1.0,2.0,4.0,1.0,0.0,0.0,1.0,2.0,5.0,7.0,1.0,1.0,5.0,6.0,3.0,3.0,1.0,6.0,4.0,3.0
2017-07-04,1.0,0.0,0.0,0.0,0.0,1.0,9.0,6.0,6.0,5.0,5.0,10.0,10.0,8.0,8.0,6.0,8.0,12.0,10.0,13.0,4.0,2.0,2.0,0.0
2017-07-05,2.0,0.0,0.0,0.0,0.0,7.0,4.0,9.0,4.0,7.0,6.0,5.0,10.0,8.0,12.0,8.0,3.0,10.0,10.0,5.0,5.0,9.0,2.0,1.0
2017-07-06,0.0,0.0,0.0,0.0,0.0,5.0,5.0,8.0,7.0,7.0,8.0,4.0,3.0,4.0,7.0,6.0,7.0,10.0,6.0,6.0,6.0,5.0,0.0,4.0
2017-07-07,1.0,0.0,0.0,0.0,1.0,2.0,6.0,4.0,5.0,9.0,10.0,5.0,10.0,7.0,9.0,8.0,10.0,7.0,9.0,5.0,9.0,3.0,2.0,6.0
2017-07-08,2.0,2.0,0.0,1.0,1.0,0.0,5.0,4.0,9.0,5.0,8.0,3.0,9.0,9.0,8.0,6.0,9.0,9.0,11.0,4.0,10.0,7.0,9.0,1.0
2017-07-09,2.0,0.0,3.0,0.0,2.0,0.0,2.0,1.0,3.0,4.0,5.0,4.0,5.0,7.0,9.0,5.0,6.0,4.0,4.0,1.0,5.0,4.0,0.0,1.0
2017-07-10,0.0,0.0,1.0,0.0,0.0,3.0,7.0,6.0,6.0,7.0,5.0,4.0,4.0,13.0,7.0,8.0,5.0,14.0,4.0,8.0,5.0,6.0,1.0,1.0
2017-07-11,0.0,0.0,0.0,0.0,0.0,1.0,13.0,2.0,5.0,13.0,3.0,11.0,6.0,5.0,9.0,11.0,8.0,12.0,11.0,10.0,6.0,2.0,1.0,1.0
2017-07-12,0.0,0.0,0.0,0.0,0.0,2.0,8.0,13.0,4.0,5.0,8.0,5.0,9.0,5.0,2.0,8.0,6.0,10.0,9.0,12.0,4.0,2.0,1.0,0.0
2017-07-13,1.0,1.0,1.0,1.0,0.0,2.0,3.0,8.0,8.0,8.0,7.0,8.0,8.0,6.0,15.0,10.0,6.0,10.0,6.0,3.0,3.0,1.0,0.0,0.0
2017-07-14,0.0,1.0,1.0,0.0,0.0,2.0,7.0,7.0,12.0,5.0,6.0,7.0,12.0,5.0,17.0,5.0,8.0,11.0,8.0,4.0,8.0,9.0,7.0,3.0
2017-07-15,2.0,1.0,0.0,0.0,3.0,6.0,10.0,11.0,4.0,3.0,8.0,3.0,4.0,11.0,8.0,7.0,4.0,7.0,4.0,9.0,9.0,3.0,7.0,1.0
2017-07-16,3.0,6.0,3.0,1.0,1.0,3.0,2.0,2.0,2.0,3.0,6.0,4.0,3.0,5.0,5.0,6.0,7.0,2.0,0.0,3.0,5.0,2.0,3.0,3.0
2017-07-17,0.0,1.0,2.0,0.0,0.0,2.0,8.0,6.0,6.0,4.0,4.0,8.0,12.0,15.0,8.0,8.0,9.0,8.0,10.0,7.0,7.0,2.0,0.0,0.0
2017-07-18,0.0,0.0,0.0,1.0,0.0,3.0,10.0,10.0,4.0,11.0,5.0,12.0,12.0,6.0,5.0,5.0,4.0,11.0,13.0,7.0,8.0,8.0,5.0,2.0
2017-07-19,0.0,1.0,1.0,0.0,1.0,4.0,8.0,13.0,6.0,8.0,7.0,10.0,11.0,11.0,7.0,8.0,7.0,12.0,7.0,6.0,6.0,6.0,2.0,3.0
2017-07-20,3.0,4.0,2.0,1.0,4.0,1.0,2.0,2.0,4.0,3.0,4.0,1.0,4.0,11.0,5.0,4.0,0.0,3.0,3.0,1.0,3.0,3.0,3.0,0.0
2017-07-21,2.0,0.0,1.0,1.0,1.0,1.0,10.0,10.0,7.0,8.0,10.0,6.0,10.0,10.0,11.0,8.0,7.0,8.0,3.0,9.0,4.0,6.0,7.0,1.0
2017-07-22,0.0,2.0,0.0,0.0,2.0,1.0,3.0,3.0,7.0,3.0,4.0,7.0,6.0,13.0,5.0,6.0,8.0,3.0,4.0,4.0,6.0,8.0,5.0,3.0
2017-07-23,0.0,1.0,1.0,4.0,0.0,1.0,1.0,2.0,1.0,2.0,1.0,1.0,5.0,4.0,4.0,5.0,3.0,5.0,3.0,8.0,5.0,5.0,1.0,1.0
2017-07-24,1.0,2.0,2.0,0.0,1.0,1.0,8.0,9.0,11.0,4.0,12.0,9.0,5.0,11.0,9.0,12.0,10.0,13.0,6.0,5.0,5.0,2.0,4.0,1.0
2017-07-25,1.0,1.0,0.0,0.0,0.0,0.0,26.0,16.0,6.0,7.0,14.0,7.0,4.0,5.0,7.0,4.0,7.0,13.0,10.0,6.0,4.0,4.0,4.0,0.0
2017-07-26,1.0,0.0,0.0,0.0,1.0,2.0,7.0,15.0,1.0,5.0,7.0,13.0,14.0,6.0,7.0,9.0,10.0,10.0,7.0,6.0,8.0,5.0,1.0,0.0
2017-07-27,1.0,0.0,0.0,0.0,1.0,3.0,13.0,5.0,10.0,8.0,9.0,8.0,10.0,3.0,6.0,7.0,11.0,16.0,3.0,3.0,6.0,7.0,5.0,0.0
2017-07-28,0.0,2.0,0.0,1.0,0.0,3.0,7.0,9.0,10.0,3.0,6.0,4.0,9.0,10.0,14.0,11.0,6.0,12.0,5.0,5.0,8.0,6.0,6.0,0.0
2017-07-29,2.0,1.0,2.0,4.0,2.0,2.0,4.0,3.0,4.0,7.0,7.0,5.0,10.0,8.0,7.0,9.0,3.0,10.0,10.0,6.0,6.0,9.0,5.0,4.0
2017-07-30,5.0,1.0,2.0,1.0,2.0,1.0,1.0,1.0,1.0,2.0,4.0,5.0,3.0,5.0,4.0,6.0,4.0,4.0,3.0,4.0,4.0,3.0,5.0,1.0
2017-07-31,1.0,1.0,1.0,0.0,0.0,5.0,12.0,12.0,8.0,6.0,10.0,8.0,4.0,11.0,5.0,11.0,11.0,11.0,10.0,7.0,4.0,4.0,3.0,1.0
2017-08-01,0.0,0.0,0.0,0.0,0.0,2.0,7.0,9.0,10.0,9.0,4.0,4.0,15.0,5.0,9.0,5.0,13.0,14.0,21.0,7.0,8.0,3.0,8.0,0.0
2017-08-02,0.0,2.0,0.0,0.0,0.0,1.0,6.0,7.0,9.0,8.0,9.0,10.0,13.0,7.0,10.0,9.0,15.0,10.0,10.0,3.0,3.0,1.0,3.0,0.0
2017-08-03,0.0,1.0,0.0,0.0,0.0,1.0,11.0,6.0,9.0,5.0,4.0,3.0,4.0,14.0,9.0,7.0,10.0,13.0,8.0,10.0,6.0,11.0,2.0,0.0
2017-08-04,0.0,1.0,3.0,3.0,0.0,14.0,14.0,14.0,16.0,18.0,9.0,7.0,10.0,18.0,10.0,11.0,19.0,9.0,8.0,7.0,8.0,8.0,4.0,5.0
2017-08-05,1.0,3.0,0.0,1.0,3.0,1.0,2.0,2.0,6.0,2.0,7.0,5.0,8.0,11.0,8.0,4.0,8.0,12.0,5.0,8.0,7.0,4.0,7.0,4.0
2017-08-06,0.0,1.0,2.0,0.0,3.0,1.0,0.0,0.0,4.0,2.0,2.0,11.0,8.0,7.0,4.0,10.0,7.0,3.0,5.0,7.0,6.0,3.0,3.0,1.0
2017-08-07,0.0,0.0,4.0,0.0,2.0,4.0,9.0,4.0,0.0,3.0,2.0,2.0,10.0,4.0,4.0,7.0,7.0,6.0,2.0,10.0,7.0,5.0,4.0,1.0
2017-08-08,0.0,0.0,0.0,0.0,0.0,5.0,5.0,9.0,5.0,7.0,3.0,8.0,10.0,10.0,8.0,6.0,13.0,12.0,15.0,7.0,8.0,4.0,0.0,0.0
2017-08-09,0.0,1.0,1.0,0.0,1.0,4.0,21.0,7.0,8.0,4.0,8.0,7.0,9.0,8.0,8.0,10.0,8.0,17.0,6.0,13.0,7.0,3.0,5.0,0.0
2017-08-10,0.0,0.0,0.0,0.0,0.0,5.0,6.0,7.0,10.0,3.0,4.0,6.0,7.0,8.0,10.0,9.0,6.0,12.0,8.0,7.0,5.0,4.0,1.0,1.0
2017-08-11,0.0,0.0,1.0,1.0,0.0,4.0,16.0,11.0,11.0,11.0,5.0,9.0,7.0,7.0,7.0,7.0,7.0,9.0,12.0,8.0,4.0,2.0,2.0,1.0
2017-08-12,0.0,0.0,2.0,1.0,0.0,4.0,1.0,5.0,3.0,0.0,8.0,10.0,12.0,6.0,10.0,3.0,7.0,6.0,10.0,6.0,5.0,8.0,5.0,0.0
2017-08-13,0.0,1.0,3.0,2.0,1.0,0.0,2.0,2.0,2.0,2.0,5.0,8.0,7.0,2.0,4.0,3.0,6.0,4.0,7.0,9.0,1.0,2.0,1.0,4.0
2017-08-14,0.0,0.0,1.0,1.0,1.0,1.0,14.0,3.0,4.0,11.0,2.0,6.0,7.0,8.0,14.0,10.0,8.0,14.0,13.0,10.0,6.0,2.0,3.0,3.0
2017-08-15,0.0,1.0,1.0,0.0,0.0,2.0,8.0,10.0,8.0,7.0,10.0,4.0,9.0,7.0,11.0,8.0,5.0,12.0,3.0,3.0,4.0,9.0,5.0,2.0
2017-08-16,0.0,0.0,0.0,0.0,2.0,7.0,13.0,7.0,9.0,5.0,7.0,8.0,15.0,13.0,6.0,15.0,8.0,7.0,5.0,8.0,9.0,5.0,1.0,4.0
2017-08-17,0.0,0.0,0.0,0.0,1.0,8.0,7.0,9.0,5.0,10.0,7.0,8.0,18.0,7.0,11.0,10.0,11.0,12.0,9.0,4.0,4.0,5.0,3.0,1.0
2017-08-18,0.0,0.0,0.0,0.0,0.0,2.0,12.0,12.0,3.0,2.0,7.0,7.0,5.0,13.0,17.0,12.0,13.0,11.0,11.0,12.0,5.0,3.0,2.0,4.0
2017-08-19,0.0,0.0,1.0,0.0,1.0,3.0,3.0,4.0,5.0,9.0,15.0,7.0,12.0,8.0,5.0,5.0,12.0,7.0,7.0,3.0,2.0,2.0,9.0,2.0
2017-08-20,0.0,3.0,2.0,1.0,2.0,1.0,2.0,1.0,2.0,1.0,2.0,3.0,3.0,7.0,4.0,6.0,4.0,4.0,1.0,4.0,4.0,0.0,4.0,1.0
2017-08-21,0.0,1.0,0.0,2.0,1.0,3.0,3.0,2.0,5.0,5.0,6.0,3.0,5.0,3.0,5.0,5.0,6.0,2.0,7.0,6.0,7.0,5.0,0.0,5.0
2017-08-22,0.0,0.0,0.0,1.0,0.0,4.0,10.0,4.0,7.0,5.0,9.0,5.0,12.0,7.0,9.0,5.0,10.0,5.0,9.0,6.0,1.0,3.0,0.0,0.0
2017-08-23,0.0,1.0,0.0,0.0,0.0,0.0,9.0,12.0,13.0,8.0,8.0,5.0,9.0,4.0,12.0,5.0,5.0,14.0,5.0,3.0,5.0,4.0,3.0,5.0
2017-08-24,0.0,0.0,0.0,0.0,0.0,1.0,9.0,8.0,7.0,7.0,4.0,3.0,5.0,10.0,8.0,7.0,15.0,18.0,4.0,7.0,6.0,7.0,5.0,2.0
2017-08-25,0.0,0.0,1.0,0.0,0.0,2.0,7.0,7.0,7.0,4.0,5.0,7.0,13.0,3.0,10.0,9.0,10.0,11.0,8.0,4.0,6.0,5.0,3.0,0.0
2017-08-26,0.0,2.0,1.0,0.0,0.0,2.0,1.0,6.0,10.0,1.0,9.0,11.0,10.0,7.0,8.0,7.0,7.0,5.0,7.0,7.0,7.0,5.0,5.0,7.0
2017-08-27,0.0,2.0,5.0,2.0,4.0,2.0,1.0,2.0,4.0,2.0,4.0,2.0,9.0,2.0,10.0,2.0,3.0,6.0,2.0,0.0,6.0,3.0,1.0,3.0
2017-08-28,0.0,0.0,2.0,0.0,1.0,5.0,10.0,8.0,3.0,6.0,13.0,10.0,14.0,8.0,7.0,9.0,11.0,13.0,5.0,12.0,6.0,5.0,4.0,3.0
2017-08-29,0.0,2.0,0.0,1.0,1.0,2.0,12.0,20.0,9.0,10.0,9.0,6.0,7.0,8.0,7.0,4.0,11.0,9.0,8.0,9.0,3.0,6.0,3.0,2.0
2017-08-30,0.0,0.0,0.0,0.0,0.0,0.0,8.0,10.0,4.0,6.0,7.0,8.0,4.0,4.0,5.0,6.0,8.0,11.0,10.0,6.0,6.0,1.0,3.0,0.0
2017-08-31,0.0,0.0,0.0,0.0,0.0,9.0,10.0,7.0,3.0,7.0,3.0,3.0,11.0,7.0,6.0,6.0,3.0,10.0,4.0,3.0,3.0,2.0,2.0,1.0
2017-09-01,0.0,1.0,1.0,0.0,0.0,2.0,11.0,12.0,5.0,11.0,6.0,8.0,20.0,8.0,7.0,13.0,12.0,14.0,12.0,9.0,13.0,4.0,4.0,2.0
2017-09-02,0.0,1.0,2.0,0.0,0.0,0.0,2.0,9.0,4.0,7.0,6.0,2.0,14.0,8.0,11.0,10.0,3.0,7.0,6.0,4.0,4.0,4.0,3.0,3.0
2017-09-03,0.0,2.0,5.0,0.0,1.0,1.0,3.0,3.0,4.0,4.0,2.0,6.0,8.0,3.0,6.0,4.0,5.0,3.0,0.0,6.0,5.0,3.0,4.0,2.0
2017-09-04,0.0,0.0,1.0,0.0,1.0,3.0,8.0,10.0,4.0,8.0,11.0,7.0,9.0,5.0,6.0,11.0,11.0,10.0,6.0,7.0,6.0,8.0,3.0,2.0
2017-09-05,0.0,1.0,0.0,0.0,1.0,2.0,6.0,12.0,8.0,7.0,9.0,6.0,7.0,12.0,10.0,12.0,8.0,7.0,10.0,10.0,2.0,5.0,3.0,1.0
2017-09-06,0.0,0.0,2.0,0.0,1.0,12.0,22.0,9.0,12.0,6.0,10.0,4.0,9.0,13.0,10.0,10.0,6.0,10.0,12.0,7.0,4.0,5.0,1.0,0.0
2017-09-07,0.0,0.0,1.0,1.0,0.0,4.0,16.0,16.0,7.0,8.0,5.0,9.0,10.0,7.0,8.0,11.0,7.0,7.0,11.0,11.0,9.0,7.0,3.0,1.0
2017-09-08,0.0,0.0,0.0,1.0,1.0,6.0,14.0,8.0,6.0,2.0,6.0,8.0,8.0,8.0,4.0,6.0,9.0,7.0,6.0,2.0,9.0,6.0,2.0,0.0
2017-09-09,0.0,2.0,0.0,0.0,2.0,1.0,6.0,0.0,5.0,7.0,2.0,5.0,5.0,11.0,9.0,12.0,6.0,3.0,5.0,4.0,7.0,3.0,4.0,4.0
2017-09-10,0.0,1.0,2.0,3.0,1.0,0.0,2.0,4.0,0.0,3.0,1.0,3.0,7.0,8.0,6.0,4.0,5.0,3.0,4.0,1.0,2.0,5.0,1.0,2.0
2017-09-11,0.0,2.0,1.0,0.0,2.0,3.0,6.0,7.0,4.0,7.0,12.0,5.0,12.0,5.0,5.0,12.0,13.0,9.0,12.0,10.0,5.0,6.0,0.0,0.0
2017-09-12,0.0,1.0,0.0,1.0,0.0,4.0,10.0,4.0,4.0,6.0,4.0,5.0,10.0,4.0,9.0,6.0,10.0,11.0,11.0,6.0,5.0,14.0,4.0,3.0
2017-09-13,0.0,0.0,0.0,0.0,0.0,3.0,4.0,9.0,7.0,5.0,6.0,10.0,5.0,9.0,9.0,6.0,5.0,6.0,6.0,9.0,10.0,7.0,1.0,3.0
2017-09-14,0.0,0.0,0.0,0.0,1.0,3.0,3.0,12.0,10.0,9.0,6.0,4.0,11.0,7.0,16.0,5.0,10.0,9.0,12.0,11.0,6.0,3.0,3.0,2.0
2017-09-15,0.0,0.0,0.0,1.0,0.0,5.0,15.0,6.0,7.0,9.0,4.0,10.0,9.0,7.0,8.0,4.0,5.0,10.0,11.0,8.0,6.0,4.0,5.0,3.0
2017-09-16,0.0,3.0,0.0,1.0,3.0,3.0,3.0,4.0,2.0,6.0,6.0,2.0,15.0,7.0,9.0,8.0,13.0,4.0,7.0,9.0,6.0,4.0,4.0,6.0
2017-09-17,0.0,5.0,2.0,2.0,3.0,5.0,1.0,2.0,1.0,1.0,13.0,4.0,7.0,10.0,0.0,5.0,7.0,4.0,3.0,2.0,6.0,2.0,0.0,1.0
2017-09-18,0.0,2.0,1.0,1.0,2.0,2.0,7.0,10.0,5.0,9.0,2.0,8.0,10.0,3.0,14.0,14.0,22.0,15.0,8.0,8.0,7.0,5.0,3.0,0.0
2017-09-19,0.0,0.0,0.0,0.0,0.0,3.0,8.0,10.0,4.0,11.0,11.0,5.0,6.0,8.0,8.0,8.0,14.0,15.0,8.0,10.0,6.0,6.0,2.0,2.0
2017-09-20,0.0,0.0,0.0,0.0,0.0,4.0,9.0,11.0,7.0,4.0,6.0,1.0,9.0,5.0,7.0,5.0,10.0,8.0,9.0,6.0,5.0,4.0,0.0,1.0
2017-09-21,0.0,1.0,0.0,0.0,0.0,2.0,7.0,11.0,3.0,6.0,5.0,11.0,6.0,3.0,14.0,9.0,8.0,8.0,12.0,7.0,4.0,3.0,2.0,3.0
2017-09-22,0.0,1.0,0.0,0.0,1.0,4.0,8.0,8.0,4.0,6.0,6.0,10.0,12.0,8.0,6.0,12.0,6.0,7.0,6.0,9.0,7.0,5.0,3.0,3.0
2017-09-23,0.0,1.0,1.0,1.0,2.0,1.0,5.0,5.0,9.0,4.0,7.0,6.0,13.0,8.0,4.0,9.0,6.0,8.0,6.0,10.0,7.0,3.0,5.0,1.0
2017-09-24,0.0,2.0,2.0,1.0,0.0,5.0,2.0,0.0,3.0,4.0,4.0,3.0,11.0,4.0,2.0,2.0,4.0,3.0,5.0,3.0,0.0,4.0,2.0,0.0
2017-09-25,0.0,1.0,0.0,0.0,1.0,1.0,7.0,8.0,11.0,3.0,9.0,9.0,10.0,7.0,11.0,8.0,8.0,5.0,14.0,5.0,6.0,3.0,2.0,4.0
2017-09-26,0.0,0.0,0.0,0.0,1.0,3.0,6.0,8.0,8.0,10.0,4.0,9.0,8.0,5.0,4.0,7.0,7.0,13.0,6.0,6.0,5.0,3.0,2.0,1.0
2017-09-27,0.0,1.0,0.0,0.0,0.0,6.0,6.0,7.0,7.0,3.0,5.0,10.0,7.0,9.0,4.0,9.0,8.0,7.0,9.0,6.0,3.0,5.0,5.0,1.0
2017-09-28,0.0,0.0,0.0,0.0,0.0,2.0,7.0,9.0,14.0,2.0,4.0,11.0,6.0,7.0,8.0,3.0,6.0,5.0,11.0,12.0,3.0,2.0,3.0,2.0
2017-09-29,0.0,1.0,0.0,1.0,1.0,3.0,5.0,6.0,11.0,3.0,7.0,7.0,6.0,20.0,4.0,16.0,12.0,15.0,14.0,6.0,2.0,4.0,2.0,2.0
2017-09-30,0.0,1.0,1.0,1.0,0.0,2.0,3.0,5.0,5.0,9.0,8.0,9.0,12.0,9.0,13.0,5.0,7.0,8.0,8.0,8.0,8.0,7.0,2.0,7.0
2017-10-01,0.0,1.0,2.0,4.0,3.0,4.0,2.0,4.0,4.0,3.0,2.0,9.0,8.0,8.0,5.0,8.0,2.0,1.0,5.0,3.0,2.0,3.0,1.0,3.0
2017-10-02,0.0,0.0,1.0,1.0,0.0,8.0,12.0,14.0,9.0,3.0,8.0,7.0,9.0,13.0,10.0,6.0,5.0,12.0,23.0,7.0,18.0,6.0,1.0,0.0
2017-10-03,0.0,0.0,0.0,1.0,0.0,5.0,9.0,8.0,9.0,7.0,6.0,8.0,10.0,4.0,11.0,10.0,7.0,9.0,13.0,7.0,10.0,4.0,3.0,0.0
2017-10-04,0.0,0.0,0.0,0.0,0.0,6.0,13.0,6.0,6.0,3.0,4.0,9.0,5.0,8.0,8.0,4.0,10.0,11.0,9.0,13.0,3.0,4.0,1.0,0.0
2017-10-05,0.0,0.0,0.0,0.0,0.0,1.0,8.0,10.0,7.0,5.0,4.0,7.0,13.0,3.0,10.0,9.0,7.0,15.0,7.0,8.0,4.0,3.0,6.0,2.0
2017-10-06,0.0,1.0,1.0,0.0,1.0,3.0,4.0,8.0,5.0,6.0,4.0,6.0,14.0,4.0,2.0,5.0,9.0,14.0,12.0,13.0,4.0,5.0,3.0,1.0
2017-10-07,0.0,0.0,2.0,0.0,2.0,0.0,0.0,5.0,8.0,6.0,3.0,7.0,9.0,4.0,6.0,5.0,6.0,10.0,9.0,5.0,8.0,4.0,2.0,1.0
2017-10-08,0.0,2.0,2.0,1.0,0.0,2.0,0.0,1.0,0.0,3.0,2.0,4.0,9.0,4.0,5.0,3.0,9.0,6.0,4.0,2.0,3.0,5.0,3.0,3.0
2017-10-09,0.0,0.0,1.0,0.0,0.0,4.0,1.0,6.0,2.0,4.0,4.0,8.0,4.0,8.0,5.0,9.0,12.0,9.0,5.0,5.0,4.0,3.0,1.0,2.0
2017-10-10,0.0,0.0,0.0,0.0,0.0,1.0,12.0,7.0,9.0,5.0,3.0,9.0,8.0,6.0,6.0,11.0,9.0,11.0,15.0,4.0,4.0,5.0,2.0,0.0
2017-10-11,0.0,1.0,0.0,0.0,2.0,3.0,4.0,8.0,8.0,5.0,2.0,7.0,5.0,7.0,10.0,2.0,3.0,8.0,7.0,9.0,7.0,3.0,1.0,2.0
2017-10-12,0.0,0.0,2.0,0.0,0.0,4.0,7.0,8.0,0.0,9.0,6.0,6.0,7.0,8.0,12.0,9.0,6.0,7.0,5.0,5.0,3.0,3.0,0.0,2.0
2017-10-13,0.0,0.0,2.0,1.0,0.0,3.0,5.0,9.0,8.0,6.0,5.0,6.0,15.0,9.0,7.0,9.0,10.0,11.0,9.0,6.0,3.0,5.0,0.0,0.0
2017-10-14,0.0,1.0,0.0,1.0,1.0,2.0,5.0,4.0,7.0,5.0,4.0,5.0,5.0,6.0,9.0,10.0,6.0,6.0,7.0,3.0,4.0,7.0,7.0,4.0
2017-10-15,0.0,2.0,1.0,1.0,4.0,3.0,3.0,2.0,1.0,0.0,0.0,7.0,5.0,7.0,3.0,3.0,5.0,5.0,3.0,6.0,4.0,2.0,4.0,4.0
2017-10-16,0.0,5.0,3.0,0.0,1.0,0.0,2.0,2.0,2.0,0.0,5.0,3.0,10.0,0.0,4.0,8.0,3.0,3.0,6.0,5.0,5.0,5.0,4.0,0.0
2017-10-17,0.0,1.0,0.0,0.0,1.0,0.0,8.0,13.0,3.0,8.0,5.0,4.0,9.0,11.0,5.0,9.0,10.0,12.0,14.0,5.0,5.0,8.0,3.0,1.0
2017-10-18,0.0,0.0,0.0,0.0,0.0,2.0,4.0,5.0,8.0,4.0,8.0,9.0,7.0,11.0,10.0,8.0,6.0,7.0,7.0,11.0,3.0,5.0,1.0,1.0
2017-10-19,0.0,0.0,0.0,0.0,0.0,2.0,3.0,6.0,5.0,8.0,3.0,1.0,11.0,4.0,8.0,5.0,5.0,14.0,5.0,12.0,3.0,1.0,2.0,3.0
2017-10-20,0.0,1.0,1.0,0.0,0.0,3.0,9.0,9.0,9.0,9.0,9.0,8.0,6.0,5.0,7.0,6.0,13.0,10.0,11.0,11.0,6.0,6.0,1.0,2.0
2017-10-21,0.0,1.0,1.0,0.0,0.0,1.0,3.0,9.0,3.0,9.0,5.0,4.0,11.0,8.0,15.0,4.0,10.0,15.0,12.0,8.0,12.0,5.0,4.0,3.0
2017-10-22,0.0,1.0,1.0,0.0,1.0,2.0,0.0,3.0,1.0,5.0,2.0,5.0,4.0,5.0,7.0,7.0,5.0,2.0,2.0,6.0,1.0,3.0,1.0,1.0
2017-10-23,0.0,0.0,0.0,0.0,0.0,8.0,7.0,7.0,7.0,4.0,7.0,11.0,10.0,5.0,6.0,8.0,3.0,7.0,14.0,5.0,3.0,6.0,1.0,2.0
2017-10-24,0.0,0.0,0.0,0.0,1.0,5.0,5.0,4.0,4.0,10.0,6.0,7.0,12.0,15.0,9.0,8.0,9.0,7.0,7.0,7.0,4.0,2.0,2.0,0.0
2017-10-25,0.0,2.0,0.0,0.0,1.0,5.0,4.0,12.0,14.0,2.0,7.0,9.0,10.0,11.0,7.0,11.0,10.0,10.0,7.0,7.0,6.0,6.0,1.0,1.0
2017-10-26,0.0,0.0,0.0,0.0,0.0,1.0,6.0,4.0,5.0,5.0,1.0,4.0,11.0,10.0,6.0,6.0,11.0,7.0,12.0,6.0,6.0,3.0,0.0,1.0
2017-10-27,0.0,0.0,0.0,1.0,2.0,4.0,13.0,12.0,5.0,9.0,2.0,6.0,11.0,10.0,6.0,9.0,5.0,10.0,8.0,11.0,7.0,5.0,5.0,1.0
2017-10-28,0.0,2.0,1.0,2.0,2.0,4.0,2.0,7.0,8.0,3.0,7.0,10.0,13.0,9.0,10.0,14.0,8.0,6.0,6.0,7.0,4.0,1.0,3.0,0.0
2017-10-29,0.0,2.0,2.0,1.0,4.0,0.0,5.0,2.0,3.0,1.0,2.0,3.0,7.0,4.0,2.0,1.0,5.0,2.0,3.0,5.0,6.0,5.0,1.0,2.0
2017-10-30,0.0,0.0,0.0,0.0,0.0,2.0,5.0,6.0,9.0,5.0,9.0,5.0,11.0,5.0,7.0,8.0,4.0,16.0,8.0,10.0,5.0,9.0,4.0,0.0
2017-10-31,0.0,0.0,0.0,0.0,0.0,1.0,6.0,12.0,3.0,5.0,6.0,8.0,8.0,7.0,7.0,18.0,7.0,12.0,12.0,8.0,7.0,12.0,8.0,2.0
2017-11-01,0.0,0.0,0.0,0.0,1.0,8.0,12.0,7.0,6.0,9.0,3.0,5.0,11.0,7.0,8.0,8.0,7.0,13.0,7.0,5.0,3.0,4.0,3.0,0.0
2017-11-02,0.0,0.0,0.0,1.0,1.0,4.0,6.0,5.0,6.0,6.0,5.0,6.0,13.0,8.0,11.0,11.0,12.0,4.0,13.0,3.0,4.0,10.0,2.0,3.0
2017-11-03,0.0,0.0,0.0,0.0,1.0,4.0,6.0,4.0,5.0,6.0,8.0,10.0,10.0,6.0,10.0,9.0,16.0,3.0,8.0,6.0,6.0,2.0,6.0,3.0
2017-11-04,0.0,0.0,1.0,0.0,1.0,2.0,4.0,5.0,9.0,5.0,4.0,4.0,11.0,13.0,7.0,12.0,9.0,2.0,7.0,2.0,7.0,5.0,3.0,3.0
2017-11-05,0.0,1.0,0.0,3.0,1.0,2.0,2.0,5.0,3.0,0.0,1.0,7.0,7.0,5.0,6.0,1.0,5.0,1.0,2.0,3.0,1.0,4.0,6.0,1.0
2017-11-06,0.0,1.0,0.0,0.0,0.0,0.0,0.0,2.0,1.0,0.0,3.0,3.0,5.0,2.0,3.0,7.0,5.0,6.0,6.0,8.0,5.0,3.0,3.0,2.0
2017-11-07,0.0,0.0,0.0,1.0,0.0,4.0,4.0,7.0,11.0,6.0,2.0,11.0,10.0,7.0,7.0,4.0,13.0,9.0,11.0,8.0,5.0,1.0,0.0,2.0
2017-11-08,0.0,1.0,1.0,0.0,0.0,4.0,8.0,9.0,6.0,1.0,9.0,7.0,4.0,8.0,8.0,11.0,13.0,8.0,12.0,10.0,5.0,4.0,4.0,0.0
2017-11-09,0.0,0.0,0.0,0.0,0.0,1.0,10.0,4.0,8.0,8.0,6.0,7.0,8.0,6.0,9.0,7.0,9.0,9.0,4.0,7.0,4.0,8.0,3.0,0.0
2017-11-10,0.0,0.0,0.0,0.0,1.0,2.0,6.0,5.0,7.0,9.0,1.0,8.0,8.0,3.0,8.0,2.0,8.0,12.0,7.0,6.0,1.0,2.0,3.0,4.0
2017-11-11,0.0,2.0,1.0,0.0,2.0,1.0,4.0,4.0,6.0,3.0,4.0,4.0,10.0,11.0,8.0,12.0,3.0,4.0,5.0,3.0,4.0,5.0,1.0,2.0
2017-11-12,0.0,3.0,2.0,0.0,2.0,2.0,3.0,1.0,0.0,4.0,2.0,4.0,6.0,12.0,3.0,5.0,5.0,1.0,4.0,1.0,2.0,3.0,4.0,3.0
2017-11-13,0.0,1.0,5.0,1.0,2.0,2.0,0.0,2.0,0.0,1.0,4.0,4.0,4.0,5.0,5.0,7.0,1.0,5.0,6.0,4.0,4.0,2.0,2.0,1.0
2017-11-14,0.0,0.0,0.0,0.0,0.0,6.0,12.0,11.0,7.0,13.0,5.0,5.0,7.0,10.0,13.0,14.0,7.0,11.0,13.0,6.0,5.0,7.0,4.0,1.0
2017-11-15,0.0,0.0,0.0,0.0,2.0,0.0,7.0,13.0,11.0,5.0,5.0,4.0,6.0,8.0,9.0,5.0,5.0,6.0,12.0,6.0,5.0,7.0,3.0,2.0
2017-11-16,0.0,0.0,0.0,1.0,0.0,8.0,3.0,15.0,12.0,5.0,10.0,8.0,12.0,11.0,9.0,8.0,8.0,12.0,12.0,7.0,7.0,7.0,5.0,0.0
2017-11-17,0.0,1.0,0.0,1.0,1.0,5.0,13.0,8.0,8.0,9.0,5.0,6.0,9.0,5.0,8.0,7.0,8.0,14.0,9.0,4.0,10.0,6.0,4.0,2.0
2017-11-18,0.0,3.0,0.0,3.0,3.0,4.0,6.0,4.0,5.0,7.0,4.0,6.0,15.0,5.0,5.0,9.0,12.0,7.0,11.0,3.0,3.0,7.0,5.0,0.0
2017-11-19,0.0,1.0,2.0,1.0,3.0,0.0,1.0,1.0,2.0,2.0,4.0,3.0,5.0,1.0,6.0,3.0,4.0,2.0,6.0,4.0,4.0,2.0,5.0,0.0
2017-11-20,0.0,0.0,0.0,0.0,1.0,0.0,4.0,6.0,3.0,8.0,4.0,3.0,10.0,6.0,9.0,14.0,4.0,13.0,12.0,6.0,4.0,5.0,1.0,1.0
2017-11-21,0.0,0.0,0.0,0.0,1.0,3.0,7.0,4.0,3.0,5.0,0.0,4.0,8.0,5.0,8.0,10.0,8.0,6.0,10.0,6.0,3.0,1.0,1.0,2.0
2017-11-22,0.0,0.0,0.0,0.0,1.0,0.0,7.0,8.0,7.0,9.0,13.0,6.0,12.0,6.0,11.0,9.0,11.0,10.0,5.0,7.0,9.0,9.0,3.0,0.0
2017-11-23,0.0,1.0,0.0,0.0,0.0,5.0,6.0,8.0,4.0,3.0,7.0,8.0,5.0,3.0,6.0,5.0,9.0,9.0,8.0,6.0,7.0,4.0,6.0,1.0
2017-11-24,0.0,1.0,0.0,0.0,5.0,4.0,9.0,13.0,8.0,4.0,8.0,6.0,4.0,7.0,13.0,8.0,7.0,9.0,5.0,7.0,5.0,7.0,5.0,1.0
2017-11-25,0.0,3.0,1.0,1.0,1.0,1.0,1.0,1.0,5.0,6.0,7.0,5.0,8.0,7.0,8.0,9.0,5.0,4.0,12.0,6.0,3.0,7.0,7.0,1.0
2017-11-26,0.0,0.0,0.0,1.0,5.0,2.0,3.0,1.0,4.0,3.0,5.0,5.0,3.0,5.0,8.0,2.0,7.0,3.0,2.0,5.0,8.0,4.0,4.0,0.0
2017-11-27,0.0,2.0,0.0,0.0,1.0,3.0,11.0,5.0,4.0,7.0,9.0,5.0,8.0,10.0,8.0,10.0,9.0,9.0,15.0,6.0,3.0,6.0,3.0,0.0
2017-11-28,0.0,0.0,0.0,0.0,0.0,1.0,8.0,6.0,6.0,6.0,4.0,7.0,8.0,3.0,13.0,8.0,10.0,13.0,13.0,8.0,6.0,3.0,1.0,1.0
2017-11-29,0.0,1.0,0.0,0.0,0.0,1.0,3.0,7.0,6.0,6.0,7.0,8.0,7.0,6.0,8.0,15.0,8.0,11.0,11.0,5.0,7.0,4.0,7.0,1.0
2017-11-30,0.0,0.0,1.0,0.0,0.0,3.0,4.0,9.0,7.0,6.0,6.0,5.0,13.0,10.0,7.0,3.0,9.0,12.0,8.0,6.0,7.0,4.0,4.0,4.0
2017-12-01,0.0,4.0,0.0,0.0,1.0,3.0,8.0,12.0,6.0,5.0,6.0,8.0,9.0,12.0,8.0,13.0,8.0,3.0,9.0,7.0,8.0,4.0,2.0,2.0
2017-12-02,0.0,3.0,2.0,3.0,3.0,2.0,2.0,5.0,8.0,8.0,12.0,4.0,10.0,6.0,9.0,8.0,7.0,2.0,9.0,11.0,6.0,2.0,2.0,3.0
2017-12-03,0.0,1.0,1.0,2.0,0.0,1.0,0.0,1.0,6.0,1.0,1.0,7.0,7.0,2.0,7.0,6.0,6.0,5.0,6.0,4.0,2.0,2.0,5.0,0.0
2017-12-04,0.0,1.0,2.0,1.0,0.0,5.0,4.0,7.0,9.0,4.0,7.0,4.0,9.0,9.0,5.0,9.0,12.0,15.0,7.0,4.0,3.0,2.0,0.0,2.0
2017-12-05,0.0,1.0,0.0,2.0,1.0,4.0,10.0,11.0,12.0,15.0,7.0,7.0,10.0,6.0,7.0,6.0,8.0,11.0,12.0,12.0,8.0,1.0,1.0,4.0
2017-12-06,0.0,1.0,0.0,0.0,0.0,1.0,7.0,7.0,6.0,8.0,8.0,10.0,7.0,6.0,7.0,6.0,9.0,12.0,6.0,8.0,2.0,5.0,1.0,2.0
2017-12-07,0.0,1.0,1.0,0.0,0.0,3.0,2.0,4.0,8.0,3.0,3.0,2.0,14.0,9.0,11.0,11.0,9.0,10.0,9.0,9.0,8.0,6.0,3.0,4.0
2017-12-08,0.0,2.0,2.0,1.0,1.0,0.0,1.0,2.0,4.0,2.0,1.0,4.0,9.0,10.0,4.0,5.0,3.0,8.0,1.0,3.0,2.0,8.0,3.0,4.0
2017-12-09,0.0,2.0,1.0,2.0,3.0,4.0,6.0,5.0,1.0,4.0,5.0,6.0,9.0,10.0,5.0,8.0,9.0,8.0,9.0,5.0,6.0,3.0,8.0,2.0
2017-12-10,0.0,2.0,3.0,1.0,3.0,2.0,1.0,1.0,0.0,2.0,6.0,1.0,6.0,3.0,6.0,3.0,7.0,3.0,1.0,4.0,4.0,9.0,5.0,0.0
2017-12-11,0.0,0.0,2.0,1.0,0.0,5.0,10.0,9.0,8.0,8.0,7.0,5.0,8.0,7.0,9.0,10.0,8.0,14.0,10.0,5.0,9.0,7.0,3.0,1.0
2017-12-12,0.0,1.0,0.0,0.0,0.0,1.0,6.0,6.0,6.0,7.0,6.0,9.0,8.0,2.0,11.0,9.0,5.0,9.0,9.0,9.0,5.0,6.0,5.0,3.0
2017-12-13,0.0,0.0,1.0,0.0,0.0,2.0,3.0,10.0,4.0,10.0,4.0,8.0,10.0,4.0,2.0,5.0,5.0,8.0,7.0,6.0,5.0,2.0,0.0,2.0
2017-12-14,0.0,1.0,0.0,1.0,1.0,5.0,8.0,6.0,1.0,3.0,6.0,4.0,12.0,1.0,7.0,10.0,3.0,7.0,3.0,9.0,9.0,4.0,1.0,4.0
2017-12-15,0.0,1.0,1.0,0.0,4.0,4.0,6.0,7.0,6.0,9.0,8.0,6.0,6.0,9.0,4.0,8.0,14.0,14.0,10.0,6.0,7.0,3.0,4.0,2.0
2017-12-16,0.0,4.0,2.0,0.0,3.0,1.0,3.0,2.0,6.0,5.0,4.0,7.0,10.0,11.0,9.0,6.0,5.0,9.0,5.0,3.0,5.0,6.0,6.0,3.0
2017-12-17,0.0,3.0,0.0,3.0,3.0,0.0,1.0,1.0,2.0,3.0,1.0,6.0,4.0,6.0,7.0,7.0,8.0,6.0,6.0,4.0,5.0,4.0,8.0,3.0
2017-12-18,0.0,1.0,0.0,0.0,2.0,1.0,6.0,7.0,4.0,4.0,10.0,5.0,9.0,9.0,13.0,9.0,7.0,9.0,9.0,16.0,4.0,5.0,5.0,0.0
2017-12-19,0.0,1.0,0.0,0.0,0.0,3.0,5.0,9.0,5.0,5.0,9.0,11.0,11.0,9.0,5.0,4.0,9.0,9.0,9.0,10.0,6.0,9.0,4.0,1.0
2017-12-20,0.0,1.0,0.0,0.0,2.0,1.0,6.0,10.0,5.0,4.0,4.0,7.0,9.0,13.0,8.0,8.0,12.0,16.0,8.0,6.0,11.0,3.0,3.0,4.0
2017-12-21,0.0,0.0,0.0,0.0,0.0,2.0,0.0,6.0,9.0,5.0,5.0,11.0,10.0,3.0,12.0,10.0,10.0,11.0,9.0,6.0,8.0,6.0,3.0,1.0
2017-12-22,0.0,2.0,1.0,2.0,2.0,5.0,4.0,7.0,4.0,9.0,7.0,4.0,11.0,12.0,5.0,14.0,11.0,13.0,3.0,8.0,3.0,5.0,10.0,4.0
2017-12-23,0.0,1.0,4.0,0.0,2.0,4.0,5.0,3.0,5.0,4.0,6.0,7.0,9.0,13.0,12.0,8.0,9.0,12.0,9.0,6.0,6.0,5.0,10.0,4.0
2017-12-24,0.0,2.0,4.0,1.0,2.0,2.0,2.0,2.0,1.0,3.0,5.0,5.0,2.0,4.0,5.0,7.0,4.0,3.0,4.0,8.0,7.0,2.0,6.0,3.0
2017-12-25,0.0,2.0,2.0,2.0,4.0,2.0,1.0,3.0,1.0,2.0,8.0,2.0,6.0,4.0,6.0,0.0,4.0,3.0,3.0,3.0,2.0,5.0,2.0,0.0
2017-12-26,0.0,1.0,0.0,0.0,1.0,6.0,6.0,5.0,6.0,2.0,8.0,5.0,4.0,3.0,6.0,10.0,10.0,9.0,7.0,11.0,1.0,3.0,4.0,2.0
2017-12-27,0.0,0.0,0.0,0.0,1.0,2.0,6.0,2.0,5.0,4.0,4.0,3.0,7.0,3.0,5.0,2.0,8.0,6.0,9.0,6.0,11.0,4.0,0.0,1.0
2017-12-28,0.0,1.0,0.0,1.0,1.0,8.0,12.0,7.0,3.0,6.0,7.0,6.0,9.0,7.0,2.0,3.0,5.0,12.0,5.0,3.0,4.0,4.0,4.0,0.0
2017-12-29,0.0,1.0,1.0,0.0,0.0,2.0,3.0,7.0,8.0,4.0,6.0,9.0,6.0,7.0,9.0,4.0,7.0,5.0,8.0,7.0,8.0,7.0,3.0,1.0
2017-12-30,1.0,0.0,2.0,1.0,1.0,1.0,1.0,4.0,4.0,4.0,2.0,4.0,7.0,8.0,6.0,6.0,2.0,5.0,7.0,6.0,1.0,2.0,5.0,2.0
2017-12-31,0.0,1.0,3.0,0.0,4.0,2.0,3.0,1.0,2.0,3.0,3.0,6.0,3.0,7.0,3.0,7.0,2.0,3.0,2.0,3.0,3.0,3.0,2.0,3.0
